{
    "parameters": {
        "mean": [
            0.7894562500000003,
            0.8078493055555558,
            0.017004861111111116
        ],
        "std": [
            0.028891909956551855,
            0.019207651819174467,
            0.011672994295125964
        ],
        "min": [
            0.6713,
            0.7454,
            -0.0028
        ],
        "max": [
            0.8665,
            0.8588,
            0.0395
        ]
    },
    "fitness": {
        "mean": 220457.79374999998,
        "std": 68.35542403979024,
        "min": 220307.04,
        "max": 220663.35
    },
    "flame_location": {
        "mean": 0.047980419580419584,
        "std": 0.008139038780562772,
        "min": 0.034,
        "max": 0.0637
    }
}